{
    "joint1": -26.0,
    "joint2": 87.5,
    "joint3": 2.5,
    "joint4": 90.0,
    "roll": 180.0,
    "pitch": -26.0,
    "yaw": 0.0,
    "Ex": -3.5053002455260196,
    "Ey": 2.1744775494613435,
    "Ez": 7.186930559290847
}